City_ID,City,Lat,Lng,Max Temp,Humidity,Cloudiness,Wind Speed,Country,Date
0,Cabedelo,-6.9811,-34.8339,84.87,71,56,13.2,BR,2022-04-02 19:14:33
1,Bambous Virieux,-20.3428,57.7575,75.22,84,100,18.37,MU,2022-04-02 19:14:33
2,Ushuaia,-54.8,-68.3,40.66,93,100,4.61,AR,2022-04-02 19:14:34
3,Mayor Pablo Lagerenza,-19.9309,-60.7718,85.87,35,17,6.55,PY,2022-04-02 19:14:34
4,Nishihara,26.1842,127.7558,63.68,78,100,8.05,JP,2022-04-02 19:14:34
5,Lebu,-37.6167,-73.65,59.05,96,100,8.68,CL,2022-04-02 19:14:35
6,Road Town,18.4167,-64.6167,80.64,65,75,10.36,VG,2022-04-02 19:14:35
7,Jamestown,42.097,-79.2353,48.52,38,0,5.01,US,2022-04-02 19:14:35
8,Punta Arenas,-53.15,-70.9167,42.91,87,75,9.22,CL,2022-04-02 19:14:36
9,Cape Town,-33.9258,18.4232,66.11,72,0,4.0,ZA,2022-04-02 19:14:11
10,Barrow,71.2906,-156.7887,-9.38,77,0,13.8,US,2022-04-02 19:14:36
11,Ostrovnoy,68.0531,39.5131,16.86,89,84,15.23,RU,2022-04-02 19:14:37
12,Abay,49.6311,72.8539,30.58,90,20,5.1,KZ,2022-04-02 19:14:37
13,Rikitea,-23.1203,-134.9692,74.14,56,28,6.67,PF,2022-04-02 19:14:38
14,Najran,17.4924,44.1277,69.19,16,0,3.83,SA,2022-04-02 19:14:38
15,Bonthe,7.5264,-12.505,76.46,89,100,13.22,SL,2022-04-02 19:14:38
16,Albany,42.6001,-73.9662,50.04,39,22,1.01,US,2022-04-02 19:13:52
17,Ales,44.1333,4.0833,40.28,49,100,11.32,FR,2022-04-02 19:14:39
18,Port Alfred,-33.5906,26.891,64.18,88,100,1.99,ZA,2022-04-02 19:14:39
19,Saint-Philippe,-21.3585,55.7679,74.79,97,100,21.5,RE,2022-04-02 19:14:40
20,Leningradskiy,69.3833,178.4167,-8.66,98,100,9.22,RU,2022-04-02 19:14:40
21,Laem Sing,12.4816,102.0738,68.22,81,100,14.07,TH,2022-04-02 19:14:40
22,Thompson,55.7435,-97.8558,25.38,77,100,5.75,CA,2022-04-02 19:14:41
23,Saint Anthony,45.0205,-93.218,52.3,49,20,17.27,US,2022-04-02 19:14:41
24,Goderich,43.7501,-81.7165,35.91,62,100,5.41,CA,2022-04-02 19:14:41
25,San Ignacio,17.1561,-89.0714,95.14,49,40,6.91,BZ,2022-04-02 19:14:42
26,Hermanus,-34.4187,19.2345,61.81,77,96,16.89,ZA,2022-04-02 19:14:42
27,Mataura,-46.1927,168.8643,47.61,94,72,3.27,NZ,2022-04-02 19:14:42
28,Vestmannaeyjar,63.4427,-20.2734,45.07,96,100,22.26,IS,2022-04-02 19:14:43
29,Avarua,-21.2078,-159.775,80.65,83,96,3.44,CK,2022-04-02 19:14:43
30,Dusi,12.7667,79.6833,78.12,87,6,4.76,IN,2022-04-02 19:14:43
31,Bajram Curri,42.3554,20.0784,39.27,86,76,3.47,AL,2022-04-02 19:14:44
32,Hilo,19.7297,-155.09,75.25,89,100,5.75,US,2022-04-02 19:14:44
33,Pitimbu,-7.4706,-34.8086,84.79,69,30,12.01,BR,2022-04-02 19:14:44
34,Atuona,-9.8,-139.0333,79.25,75,8,14.23,PF,2022-04-02 19:14:45
35,Guarapari,-20.6667,-40.4975,83.89,77,15,8.57,BR,2022-04-02 19:14:45
36,Manga,11.6636,-1.0731,92.91,31,100,7.49,BF,2022-04-02 19:14:46
37,Ust-Nera,64.5667,143.2,-7.76,99,100,1.28,RU,2022-04-02 19:14:46
38,Yar-Sale,66.8333,70.8333,0.05,95,15,7.96,RU,2022-04-02 19:14:46
39,Havoysund,70.9963,24.6622,30.43,87,100,23.87,NO,2022-04-02 19:14:47
40,Axim,4.8699,-2.2405,81.19,85,80,7.18,GH,2022-04-02 19:14:47
41,Alamo,20.9167,-97.6833,89.24,42,28,10.87,MX,2022-04-02 19:14:47
42,Torbay,47.6666,-52.7314,41.58,91,100,7.0,CA,2022-04-02 19:14:48
43,Viedma,-40.8135,-62.9967,79.65,18,3,27.31,AR,2022-04-02 19:14:48
44,Karakulino,56.012,53.7067,32.59,100,100,1.5,RU,2022-04-02 19:14:48
45,Yerbogachen,61.2767,108.0108,1.58,98,99,5.32,RU,2022-04-02 19:14:49
46,Castro,-24.7911,-50.0119,63.12,87,100,7.52,BR,2022-04-02 19:15:49
47,Khatanga,71.9667,102.5,-0.15,97,100,6.22,RU,2022-04-02 19:15:50
48,Saskylakh,71.9167,114.0833,1.99,97,99,9.66,RU,2022-04-02 19:15:50
49,Roebourne,-20.7833,117.1333,80.6,79,0,8.63,AU,2022-04-02 19:15:50
50,Lagoa Santa,-19.6272,-43.8897,85.35,48,75,4.61,BR,2022-04-02 19:15:51
51,Winnemucca,40.973,-117.7357,60.85,27,0,10.36,US,2022-04-02 19:15:13
52,Puerto Colombia,10.9878,-74.9547,84.29,75,66,20.67,CO,2022-04-02 19:15:51
53,Ambon,-3.6954,128.1814,77.14,83,40,5.75,ID,2022-04-02 19:15:51
54,Katsuura,35.1333,140.3,51.98,66,100,9.86,JP,2022-04-02 19:11:44
55,Baraboo,43.4711,-89.7443,39.96,91,100,0.0,US,2022-04-02 19:15:11
56,Norman Wells,65.282,-126.8329,-5.76,49,20,5.75,CA,2022-04-02 19:15:52
57,Dikson,73.5069,80.5464,-7.87,100,93,7.45,RU,2022-04-02 19:15:52
58,Kapaa,22.0752,-159.319,75.18,92,75,19.57,US,2022-04-02 19:15:53
59,Butaritari,3.0707,172.7902,81.37,76,73,16.22,KI,2022-04-02 19:15:53
60,Busselton,-33.65,115.3333,70.63,79,100,8.25,AU,2022-04-02 19:15:53
61,Yenagoa,4.9247,6.2642,79.75,83,96,5.55,NG,2022-04-02 19:15:54
62,Tiksi,71.6872,128.8694,-5.64,100,100,3.87,RU,2022-04-02 19:15:54
63,Ribeira Grande,38.5167,-28.7,61.2,67,40,11.5,PT,2022-04-02 19:15:55
64,Luderitz,-26.6481,15.1594,62.01,78,0,16.37,NA,2022-04-02 19:15:55
65,Hithadhoo,-0.6,73.0833,83.17,69,21,4.68,MV,2022-04-02 19:15:55
66,Tuktoyaktuk,69.4541,-133.0374,-16.6,76,75,11.5,CA,2022-04-02 19:15:56
67,Laguna,38.421,-121.4238,74.97,41,0,13.8,US,2022-04-02 19:15:56
68,Hualmay,-11.0964,-77.6139,74.41,71,61,10.42,PE,2022-04-02 19:15:57
69,Camana,-16.6228,-72.7111,72.3,74,36,8.75,PE,2022-04-02 19:15:57
70,Vaini,-21.2,-175.2,73.56,100,75,0.0,TO,2022-04-02 19:15:57
71,Lagoa,39.05,-27.9833,58.87,69,60,10.47,PT,2022-04-02 19:11:27
72,Leh,34.1667,77.5833,27.01,65,1,3.11,IN,2022-04-02 19:15:58
73,Qaanaaq,77.484,-69.3632,14.59,84,88,4.23,GL,2022-04-02 19:15:58
74,Blagoyevo,63.3667,47.9167,12.24,96,93,2.98,RU,2022-04-02 19:15:58
75,Poum,-20.2333,164.0167,81.27,82,100,9.44,NC,2022-04-02 19:15:59
76,Pevek,69.7008,170.3133,-8.84,97,100,2.08,RU,2022-04-02 19:15:59
77,Kiruna,67.8557,20.2251,23.92,80,75,6.91,SE,2022-04-02 19:16:00
78,Bredasdorp,-34.5322,20.0403,61.57,79,59,13.4,ZA,2022-04-02 19:16:00
79,Esperance,-33.8667,121.9,67.77,56,1,12.68,AU,2022-04-02 19:16:00
80,Karabulak,43.3036,44.8964,63.59,45,100,5.75,RU,2022-04-02 19:16:01
81,Vestmanna,62.1564,-7.1664,43.72,81,100,16.11,FO,2022-04-02 19:16:01
82,Elmira,42.0898,-76.8077,48.0,45,0,5.75,US,2022-04-02 19:16:01
83,Nizhniy Ingash,56.2,96.53,26.65,79,88,11.05,RU,2022-04-02 19:16:02
84,Bowen,-20.0167,148.2333,77.99,78,100,9.24,AU,2022-04-02 19:16:03
85,Hasaki,35.7333,140.8333,43.29,67,100,11.12,JP,2022-04-02 19:16:03
86,Pangnirtung,66.1451,-65.7125,24.8,80,75,0.0,CA,2022-04-02 19:16:03
87,Narasannapeta,18.4167,84.05,78.75,89,5,8.97,IN,2022-04-02 19:16:04
88,Erenas,12.4245,124.3238,79.36,79,100,15.59,PH,2022-04-02 19:16:04
89,Sabak,3.7675,100.9875,75.51,93,84,4.09,MY,2022-04-02 19:16:05
90,Rafraf,37.1904,10.1837,50.31,52,3,26.64,TN,2022-04-02 19:17:05
91,Wattegama,6.7989,81.4808,74.79,91,86,2.91,LK,2022-04-02 19:17:06
92,Brus Laguna,15.75,-84.4833,89.83,44,5,9.71,HN,2022-04-02 19:17:06
93,Kiknur,57.3034,47.2011,31.87,95,100,14.74,RU,2022-04-02 19:17:07
94,Sakaiminato,35.55,133.2333,33.78,93,20,5.75,JP,2022-04-02 19:17:07
95,Cabo San Lucas,22.8909,-109.9124,78.62,53,20,14.97,MX,2022-04-02 19:12:47
96,Manakara,-22.1333,48.0167,72.14,88,3,1.66,MG,2022-04-02 19:17:08
97,Caluquembe,-13.7833,14.6833,63.28,91,100,3.31,AO,2022-04-02 19:17:08
98,Port Hedland,-20.3167,118.5667,82.45,78,53,9.22,AU,2022-04-02 19:17:08
99,Nyurba,63.2842,118.3319,-4.65,100,100,3.13,RU,2022-04-02 19:17:09
100,Pisco,-13.7,-76.2167,73.45,64,0,16.11,PE,2022-04-02 19:17:09
101,Moerai,-22.4333,-151.3333,79.95,71,100,5.86,PF,2022-04-02 19:17:10
102,Osakarovka,50.565,72.5692,28.42,83,77,7.72,KZ,2022-04-02 19:17:10
103,Sobolevo,54.4299,31.8996,30.61,95,100,17.81,RU,2022-04-02 19:17:11
104,San Jeronimo,-11.9472,-75.2829,59.5,63,94,6.35,PE,2022-04-02 19:17:11
105,Tura,25.5198,90.2201,70.5,88,4,4.0,IN,2022-04-02 19:17:11
106,Georgetown,5.4112,100.3354,78.73,93,20,4.61,MY,2022-04-02 19:17:12
107,Kanbe,16.7053,96.0017,77.05,67,99,3.76,MM,2022-04-02 19:17:12
108,Kaitangata,-46.2817,169.8464,49.41,93,32,6.78,NZ,2022-04-02 19:17:13
109,Coahuayana,18.7333,-103.6833,86.83,42,83,7.74,MX,2022-04-02 19:17:13
110,Chuy,-33.6971,-53.4616,70.48,49,10,10.6,UY,2022-04-02 19:17:13
111,Mossendjo,-2.9506,12.7261,70.93,96,84,2.8,CG,2022-04-02 19:17:14
112,Birao,10.2849,22.7882,86.67,12,38,6.13,CF,2022-04-02 19:17:14
113,Fortuna,40.5982,-124.1573,60.85,61,0,12.66,US,2022-04-02 19:17:15
114,Perpignan,42.75,2.75,42.44,48,20,16.11,FR,2022-04-02 19:17:15
115,Westport,41.1415,-73.3579,55.27,38,0,10.36,US,2022-04-02 19:17:16
116,Yulara,-25.2406,130.9889,57.78,44,0,9.31,AU,2022-04-02 19:17:16
117,Klaksvik,62.2266,-6.589,45.52,88,100,18.86,FO,2022-04-02 19:17:17
118,Shimoda,34.6667,138.95,45.1,85,100,9.44,JP,2022-04-02 19:15:54
119,Mozarlandia,-14.7447,-50.5706,89.02,51,5,6.42,BR,2022-04-02 19:17:18
120,Kavieng,-2.5744,150.7967,77.09,89,100,5.41,PG,2022-04-02 19:17:18
121,Uvira,-3.4067,29.1458,73.72,83,100,2.35,CD,2022-04-02 19:17:18
122,Maumere,-8.6199,122.2111,78.64,82,59,4.03,ID,2022-04-02 19:17:19
123,Port Elizabeth,-33.918,25.5701,64.09,92,40,2.3,ZA,2022-04-02 19:17:19
124,Hobart,-42.8794,147.3294,55.26,84,100,8.05,AU,2022-04-02 19:15:02
125,San Isidro,-12.1167,-77.05,71.19,68,0,11.5,PE,2022-04-02 19:17:20
126,Adeje,28.1227,-16.726,65.01,73,75,5.75,ES,2022-04-02 19:14:17
127,Vardo,70.3705,31.1107,26.62,70,100,3.94,NO,2022-04-02 19:17:20
128,Geraldton,-28.7667,114.6,73.81,94,100,5.75,AU,2022-04-02 19:17:21
129,Rio Gallegos,-51.6226,-69.2181,53.65,54,40,19.57,AR,2022-04-02 19:17:21
130,Waipawa,-41.4122,175.5153,53.4,93,31,3.69,NZ,2022-04-02 19:17:22
131,Salalah,17.0151,54.0924,80.69,83,0,2.3,OM,2022-04-02 19:13:02
132,Bluff,-46.6,168.3333,57.15,72,79,20.49,NZ,2022-04-02 19:17:23
133,Vista Hermosa,19.5167,-99.2167,80.55,14,75,4.61,MX,2022-04-02 19:17:23
134,Balakhta,55.38,91.6,23.27,93,100,5.39,RU,2022-04-02 19:17:23
135,Puerto Ayora,-0.7393,-90.3518,85.96,92,56,5.01,EC,2022-04-02 19:17:24
136,Xuddur,4.1213,43.8894,86.68,40,100,14.23,SO,2022-04-02 19:17:24
137,Sawtell,-30.3833,153.1,62.19,94,86,3.85,AU,2022-04-02 19:17:26
138,Ponta Do Sol,32.6667,-17.1,63.23,81,100,7.02,PT,2022-04-02 19:18:26
139,Dyersburg,36.0345,-89.3856,62.87,48,0,6.91,US,2022-04-02 19:17:56
140,Petauke,-14.2426,31.3253,65.32,96,56,4.45,ZM,2022-04-02 19:18:27
141,Codrington,-38.2667,141.9667,54.1,90,63,6.73,AU,2022-04-02 19:18:27
142,Fairview,40.8126,-73.999,54.95,35,0,6.91,US,2022-04-02 19:18:28
143,Arraial Do Cabo,-22.9661,-42.0278,80.46,78,75,13.8,BR,2022-04-02 19:18:28
144,Semirom,31.4167,51.5667,53.64,38,1,1.81,IR,2022-04-02 19:18:29
145,Chimbote,-9.0853,-78.5783,75.04,69,94,11.65,PE,2022-04-02 19:18:29
146,Byron Bay,-28.65,153.6167,64.94,91,100,6.22,AU,2022-04-02 19:18:30
147,Upernavik,72.7868,-56.1549,14.79,94,98,12.71,GL,2022-04-02 19:18:30
148,Wajima,37.4,136.9,42.08,68,1,6.62,JP,2022-04-02 19:18:30
149,Nelson Bay,-32.7167,152.15,57.0,95,9,8.43,AU,2022-04-02 19:18:31
150,Plouzane,48.3833,-4.6167,42.85,68,0,8.05,FR,2022-04-02 19:18:31
151,Bethel,41.3712,-73.414,54.03,40,0,8.05,US,2022-04-02 19:18:31
152,Archidona,37.0965,-4.3887,49.42,72,100,2.62,ES,2022-04-02 19:18:32
153,Port Alberni,49.2413,-124.8028,52.12,81,100,10.0,CA,2022-04-02 19:18:32
154,Araguaina,-7.1911,-48.2072,83.07,71,100,5.3,BR,2022-04-02 19:18:32
155,Narok,-1.0783,35.8601,61.59,81,100,9.37,KE,2022-04-02 19:18:33
156,Alofi,-19.0595,-169.9187,78.69,89,68,3.44,NU,2022-04-02 19:18:33
157,Aklavik,68.2191,-135.0107,-11.2,64,0,3.44,CA,2022-04-02 19:18:34
158,Carnarvon,-24.8667,113.6333,77.07,83,40,5.75,AU,2022-04-02 19:18:34
159,Nikolskoye,59.7035,30.7861,30.09,96,10,3.74,RU,2022-04-02 19:18:34
160,Ola,59.5833,151.2833,12.9,81,100,5.88,RU,2022-04-02 19:18:35
161,Mahebourg,-20.4081,57.7,75.25,100,75,9.22,MU,2022-04-02 19:18:35
162,Santa Maria Del Real,14.7667,-85.95,95.61,48,40,0.0,HN,2022-04-02 19:18:35
163,Takoradi,4.8845,-1.7554,82.06,82,96,8.61,GH,2022-04-02 19:18:36
164,Amuntai,-2.4177,115.2494,73.71,96,100,2.01,ID,2022-04-02 19:18:36
165,Narrabri,-30.3167,149.7833,58.84,56,95,2.8,AU,2022-04-02 19:18:36
166,San Patricio,28.017,-97.5169,89.17,47,0,8.01,US,2022-04-02 19:18:37
167,Springbok,-29.6643,17.8865,58.84,60,43,4.14,ZA,2022-04-02 19:18:37
168,Ballina,-28.8667,153.5667,65.01,99,99,4.88,AU,2022-04-02 19:18:38
169,Kozarmisleny,46.0297,18.2921,35.92,87,75,8.05,HU,2022-04-02 19:18:38
170,Esil,51.9556,66.4042,33.31,81,100,13.13,KZ,2022-04-02 19:18:38
171,Faanui,-16.4833,-151.75,80.92,78,11,7.4,PF,2022-04-02 19:18:39
172,Kodiak,57.79,-152.4072,35.11,100,75,0.0,US,2022-04-02 19:18:39
173,Tasiilaq,65.6145,-37.6368,32.16,92,100,24.7,GL,2022-04-02 19:18:39
174,Namtsy,62.7161,129.6658,10.54,96,100,5.95,RU,2022-04-02 19:18:40
175,Kamenka,51.3223,42.7678,59.65,62,41,20.2,RU,2022-04-02 19:18:40
176,Sola,-13.8833,167.55,79.88,79,100,10.02,VU,2022-04-02 19:18:40
177,Aksarka,66.5606,67.7975,5.07,90,16,9.28,RU,2022-04-02 19:18:41
178,Iguape,-24.7081,-47.5553,71.58,88,100,10.22,BR,2022-04-02 19:13:58
179,Yuzhno-Sukhokumsk,44.6581,45.6436,57.61,57,32,3.58,RU,2022-04-02 19:18:41
180,Adrar,20.5022,-10.0711,86.11,11,51,6.93,MR,2022-04-02 19:18:41
181,Margate,51.3813,1.3862,40.87,58,7,7.0,GB,2022-04-02 19:18:42
182,Xalpatlahuac,17.4667,-98.6167,88.88,15,65,1.57,MX,2022-04-02 19:19:48
183,Saint George,37.1041,-113.5841,79.63,20,0,5.01,US,2022-04-02 19:16:31
184,Delmas,18.5447,-72.3028,92.12,33,20,11.5,HT,2022-04-02 19:19:48
185,Port Moresby,-9.4431,147.1797,75.18,81,90,3.06,PG,2022-04-02 19:19:49
186,Mehamn,71.0357,27.8492,27.86,90,100,23.94,NO,2022-04-02 19:18:51
187,New Norfolk,-42.7826,147.0587,54.9,69,93,0.49,AU,2022-04-02 19:17:57
188,Mountain Home,43.133,-115.6912,54.88,100,20,18.41,US,2022-04-02 19:18:38
189,Cherskiy,68.75,161.3,-14.51,100,96,0.72,RU,2022-04-02 19:18:45
190,Plovdiv,42.15,24.75,51.87,71,75,13.8,BG,2022-04-02 19:19:50
191,Hervey Bay,-25.2986,152.8535,68.02,91,0,7.0,AU,2022-04-02 19:19:50
192,Montoro,38.0241,-4.3834,54.18,42,99,8.25,ES,2022-04-02 19:19:50
193,Naryan-Mar,67.6713,53.087,2.1,98,65,6.42,RU,2022-04-02 19:19:51
194,Buala,-8.145,159.5921,79.3,83,99,6.85,SB,2022-04-02 19:19:51
195,Egvekinot,66.3167,-179.1667,-9.83,88,23,15.59,RU,2022-04-02 19:18:20
196,Kalemie,-5.9475,29.1947,74.17,82,100,3.53,CD,2022-04-02 19:19:52
197,Narsaq,60.9167,-46.05,41.22,89,99,3.38,GL,2022-04-02 19:19:52
198,Yellowknife,62.456,-114.3525,3.29,46,20,5.75,CA,2022-04-02 19:19:39
199,Grand Gaube,-20.0064,57.6608,75.38,92,100,5.99,MU,2022-04-02 19:19:52
200,Agadir,30.4202,-9.5982,64.85,76,100,5.1,MA,2022-04-02 19:18:22
201,Nanortalik,60.1432,-45.2371,37.17,94,100,9.24,GL,2022-04-02 19:19:53
202,Cockburn Town,21.4612,-71.1419,78.13,74,2,15.75,TC,2022-04-02 19:19:53
203,Mayya,61.7333,130.2811,16.92,96,100,5.19,RU,2022-04-02 19:19:54
204,Oktyabrskiy,54.4815,53.471,36.81,100,100,5.91,RU,2022-04-02 19:19:54
205,Preobrazheniye,42.9019,133.9064,34.92,90,0,6.76,RU,2022-04-02 19:19:54
206,Xuanwu,32.069,118.8138,42.75,71,0,4.38,CN,2022-04-02 19:19:55
207,East London,-33.0153,27.9116,66.02,84,100,9.75,ZA,2022-04-02 19:19:55
208,Burnie,-41.0667,145.9167,50.22,71,16,6.49,AU,2022-04-02 19:19:55
209,Port Hardy,50.6996,-127.4199,44.78,87,100,16.11,CA,2022-04-02 19:15:23
210,Mao,39.8885,4.2658,46.96,61,20,5.75,ES,2022-04-02 19:19:56
211,Bud,39.447,-86.1758,54.91,51,8,12.59,US,2022-04-02 19:19:56
212,Omboue,-1.5746,9.2618,75.52,90,87,6.62,GA,2022-04-02 19:17:20
213,Banes,20.9625,-75.7186,85.5,58,1,14.67,CU,2022-04-02 19:19:57
214,Esna,25.2934,32.554,89.65,9,95,8.23,EG,2022-04-02 19:19:57
215,Mount Isa,-20.7333,139.5,74.97,25,0,10.36,AU,2022-04-02 19:19:57
216,Nantucket,41.2835,-70.0995,53.71,39,0,12.66,US,2022-04-02 19:19:58
217,Mackenzie,55.2999,-123.1698,39.42,45,40,8.05,CA,2022-04-02 19:19:58
218,Bubaque,11.2833,-15.8333,75.31,71,100,21.32,GW,2022-04-02 19:17:52
219,Khani,41.9563,42.9566,56.77,82,20,9.37,GE,2022-04-02 19:19:59
220,Rudnogorsk,57.2639,103.7519,18.27,88,98,9.28,RU,2022-04-02 19:19:59
221,Tomatlan,19.9333,-105.25,88.7,33,0,7.34,MX,2022-04-02 19:19:59
222,Prainha,-1.8,-53.48,83.1,80,77,4.34,BR,2022-04-02 19:20:00
223,Ruteng,-8.6136,120.4721,60.8,93,25,1.21,ID,2022-04-02 19:20:00
224,Airai,-8.9266,125.4092,56.98,74,25,1.66,TL,2022-04-02 19:20:01
225,Srednekolymsk,67.45,153.6833,-14.98,100,88,4.61,RU,2022-04-02 19:20:01
226,Grindavik,63.8424,-22.4338,46.35,100,75,17.27,IS,2022-04-02 19:20:02
227,Namwala,-15.7504,26.4384,67.06,79,5,3.58,ZM,2022-04-02 19:20:03
228,Iranshahr,27.2025,60.6848,79.14,11,0,6.91,IR,2022-04-02 19:20:03
229,Keflavik,64.0049,-22.5624,46.31,100,75,17.27,IS,2022-04-02 19:17:37
230,Belozerskoye,55.8214,65.5842,34.79,100,100,5.86,RU,2022-04-02 19:21:06
231,Teahupoo,-17.8333,-149.2667,78.76,78,100,13.27,PF,2022-04-02 19:21:06
232,Hakodate,41.7758,140.7367,37.27,70,5,9.42,JP,2022-04-02 19:21:07
233,Kerrville,30.0474,-99.1403,86.94,15,0,10.36,US,2022-04-02 19:19:56
234,Jalu,29.0331,21.5482,78.51,11,100,6.67,LY,2022-04-02 19:21:09
235,Uray,60.1247,64.7758,13.69,97,100,4.63,RU,2022-04-02 19:21:09
236,Umm Kaddadah,13.6017,26.6876,83.01,12,61,12.55,SD,2022-04-02 19:21:10
237,Gouyave,12.1646,-61.7296,83.17,65,20,23.02,GD,2022-04-02 19:21:10
238,Anloga,5.7947,0.8973,83.28,79,85,10.38,GH,2022-04-02 19:21:11
239,Kloulklubed,7.0419,134.2556,75.7,72,95,3.89,PW,2022-04-02 19:21:11
240,Taltal,-25.4,-70.4833,67.14,68,22,5.26,CL,2022-04-02 19:21:11
241,Marawi,7.9986,124.2928,68.32,97,100,1.12,PH,2022-04-02 19:21:12
242,Severo-Kurilsk,50.6789,156.125,27.46,67,100,28.86,RU,2022-04-02 19:18:07
243,Gayeri,12.6497,0.4931,95.83,25,100,7.38,BF,2022-04-02 19:21:12
244,Karratha,-20.7377,116.8463,81.16,78,1,6.89,AU,2022-04-02 19:19:03
245,Keti Bandar,24.1447,67.4497,79.25,64,0,10.76,PK,2022-04-02 19:21:13
246,Caravelas,-17.7125,-39.2481,82.9,63,0,7.38,BR,2022-04-02 19:21:14
247,Sao Felix Do Xingu,-6.6447,-51.995,85.73,68,15,4.03,BR,2022-04-02 19:21:14
248,Baker City,44.7749,-117.8344,49.59,35,0,23.02,US,2022-04-02 19:21:15
249,Provideniya,64.3833,-173.3,11.77,65,1,9.46,RU,2022-04-02 19:21:15
250,Denpasar,-8.65,115.2167,78.46,94,40,2.3,ID,2022-04-02 19:21:15
251,Turayf,31.6725,38.6637,77.25,18,0,6.91,SA,2022-04-02 19:21:16
252,Paungde,18.4833,95.5,81.03,67,17,10.02,MM,2022-04-02 19:21:16
253,Hefei,31.8639,117.2808,48.22,66,0,6.71,CN,2022-04-02 19:21:17
254,Kruisfontein,-34.0033,24.7314,61.88,87,99,9.15,ZA,2022-04-02 19:21:17
255,Krieglach,47.5333,15.55,35.6,85,100,5.03,AT,2022-04-02 19:21:18
256,Watertown,42.3709,-71.1828,55.31,26,0,20.71,US,2022-04-02 19:19:28
257,Humaita,-7.5061,-63.0208,71.73,97,100,2.19,BR,2022-04-02 19:21:18
258,Bodden Town,19.2833,-81.25,86.0,62,20,9.22,KY,2022-04-02 19:21:19
259,Aktau,43.65,51.2,55.98,50,0,15.61,KZ,2022-04-02 19:21:19
260,San Cristobal,7.7669,-72.225,82.58,44,23,7.47,VE,2022-04-02 19:17:04
261,Vostok,46.4856,135.8833,19.89,84,12,7.18,RU,2022-04-02 19:21:20
262,Gushikawa,26.3544,127.8686,63.63,86,75,8.05,JP,2022-04-02 19:21:20
263,Pochutla,15.7432,-96.4661,90.82,26,5,9.42,MX,2022-04-02 19:21:20
264,Tiarei,-17.5333,-149.3333,84.22,77,100,12.71,PF,2022-04-02 19:21:21
265,Iqaluit,63.7506,-68.5145,26.33,86,100,6.91,CA,2022-04-02 19:19:11
266,Tabou,4.423,-7.3528,79.41,86,100,8.72,CI,2022-04-02 19:21:22
267,Cuamba,-14.8031,36.5372,68.32,97,46,2.53,MZ,2022-04-02 19:21:22
268,Bayan,46.0833,127.4,39.65,46,18,12.21,CN,2022-04-02 19:21:22
269,Stranda,62.3096,6.9358,37.35,93,100,2.53,NO,2022-04-02 19:21:23
270,Atar,20.5169,-13.0499,87.6,9,4,14.07,MR,2022-04-02 19:21:23
271,Kailua,21.4022,-157.7394,79.65,69,8,7.0,US,2022-04-02 19:21:24
272,Ambilobe,-13.2,49.05,73.35,95,0,2.24,MG,2022-04-02 19:21:24
273,Coihaique,-45.5752,-72.0662,53.55,50,75,8.05,CL,2022-04-02 19:21:25
274,Manhumirim,-20.3578,-41.9581,75.69,89,62,1.72,BR,2022-04-02 19:21:25
275,Comodoro Rivadavia,-45.8667,-67.5,75.06,33,20,14.97,AR,2022-04-02 19:21:25
276,Acapulco,16.8634,-99.8901,84.02,65,0,10.36,MX,2022-04-02 19:17:50
277,Yumaguzino,52.9041,56.3933,38.34,99,100,6.8,RU,2022-04-02 19:22:26
278,Chokurdakh,70.6333,147.9167,-3.06,95,100,4.92,RU,2022-04-02 19:22:26
279,Ahipara,-35.1667,173.1667,62.37,90,100,3.02,NZ,2022-04-02 19:22:27
280,Benguela,-12.5763,13.4055,76.82,84,100,3.89,AO,2022-04-02 19:22:27
281,Anadyr,64.75,177.4833,16.3,86,75,0.0,RU,2022-04-02 19:22:28
282,Longyearbyen,78.2186,15.6401,-0.56,78,20,9.22,SJ,2022-04-02 19:18:16
283,Uige,-7.6087,15.0613,67.86,97,100,1.83,AO,2022-04-02 19:22:28
284,La Palma,33.8464,-118.0467,67.91,73,100,4.61,US,2022-04-02 19:19:12
285,Miranda,3.2499,-76.2281,82.65,64,53,2.48,CO,2022-04-02 19:22:28
286,Doka,13.5167,35.7667,95.95,11,86,11.63,SD,2022-04-02 19:22:29
287,Santa Isabel Do Rio Negro,-0.4139,-65.0192,79.86,90,100,2.01,BR,2022-04-02 19:22:04
288,Ust-Ilimsk,58.0006,102.6619,18.61,95,100,8.86,RU,2022-04-02 19:22:18
289,Rustenburg,-25.6676,27.2421,70.16,47,7,3.18,ZA,2022-04-02 19:22:30
290,Hirara,24.8,125.2833,66.11,85,100,29.26,JP,2022-04-02 19:22:30
291,Ancud,-41.8697,-73.8203,50.23,65,100,17.76,CL,2022-04-02 19:22:30
292,Zhigansk,66.7697,123.3711,-3.55,100,100,1.77,RU,2022-04-02 19:22:31
293,Mount Gambier,-37.8333,140.7667,54.18,90,95,4.43,AU,2022-04-02 19:18:57
294,Te Anau,-45.4167,167.7167,46.06,86,55,0.78,NZ,2022-04-02 19:19:27
295,Touros,-5.1989,-35.4608,82.89,73,87,12.95,BR,2022-04-02 19:22:31
296,Prince Rupert,54.3161,-130.3201,42.89,75,100,36.82,CA,2022-04-02 19:20:10
297,De-Kastri,51.4667,140.7833,25.23,86,100,4.61,RU,2022-04-02 19:22:32
298,Vao,-22.6667,167.4833,78.93,87,100,19.53,NC,2022-04-02 19:22:32
299,Sorland,67.667,12.6934,33.67,57,100,21.61,NO,2022-04-02 19:22:33
300,Kalmunai,7.4167,81.8167,78.8,83,78,7.74,LK,2022-04-02 19:22:33
301,Belmonte,-15.8631,-38.8828,81.73,67,11,6.91,BR,2022-04-02 19:22:33
302,Dauphin,51.1494,-100.0502,33.94,60,100,8.05,CA,2022-04-02 19:22:34
303,Mapiripan,2.8892,-72.1256,84.07,72,76,4.14,CO,2022-04-02 19:22:34
304,Mutare,-18.9707,32.6709,63.77,96,35,4.83,ZW,2022-04-02 19:22:34
305,Sucua,-2.4667,-78.1667,77.74,69,40,11.5,EC,2022-04-02 19:22:35
306,Lixourion,38.2019,20.4314,55.29,78,5,17.78,GR,2022-04-02 19:22:35
307,Northam,51.0333,-4.2167,42.62,67,24,6.11,GB,2022-04-02 19:22:35
308,Basoko,1.2391,23.616,71.38,98,100,11.65,CD,2022-04-02 19:22:36
309,Tilichiki,60.4667,166.1,15.82,93,100,10.0,RU,2022-04-02 19:22:36
310,Kushima,31.4583,131.2333,48.79,76,100,7.29,JP,2022-04-02 19:22:37
311,Dingle,10.9995,122.6711,75.6,84,100,7.07,PH,2022-04-02 19:19:45
312,Hegra,63.4644,11.114,34.41,93,75,17.27,NO,2022-04-02 19:22:37
313,Lorengau,-2.0226,147.2712,78.31,84,100,4.92,PG,2022-04-02 19:22:38
314,Abeche,13.8292,20.8324,89.13,9,87,9.62,TD,2022-04-02 19:22:38
315,Sistranda,63.7256,8.834,35.56,81,100,18.59,NO,2022-04-02 19:22:38
316,Malinovoye Ozero,51.6753,79.7825,35.69,88,100,6.24,RU,2022-04-02 19:22:39
317,Manta,-0.95,-80.7333,83.98,74,75,8.05,EC,2022-04-02 19:20:07
318,Chino Valley,34.7575,-112.4538,72.77,23,0,13.8,US,2022-04-02 19:20:10
319,Jagdalpur,19.0667,82.0333,77.41,42,5,6.26,IN,2022-04-02 19:22:39
320,Manbij,36.5281,37.9549,64.08,38,0,5.57,SY,2022-04-02 19:22:40
321,Havelock,34.8791,-76.9013,65.98,61,0,12.66,US,2022-04-02 19:19:52
322,Partizanskoye,55.5006,94.39,27.5,77,100,13.38,RU,2022-04-02 19:23:40
323,Ilulissat,69.2167,-51.1,35.62,55,20,3.44,GL,2022-04-02 19:23:41
324,The Pas,53.8251,-101.2541,26.62,68,75,4.61,CA,2022-04-02 19:23:41
325,Clyde River,70.4692,-68.5914,14.23,92,75,11.5,CA,2022-04-02 19:20:01
326,Guerrero Negro,27.9769,-114.0611,67.24,53,7,11.97,MX,2022-04-02 19:23:41
327,Mocuba,-16.8392,36.9856,71.78,98,1,3.15,MZ,2022-04-02 19:23:42
328,Mala,-12.6581,-76.6308,73.85,73,81,8.01,PE,2022-04-02 19:23:42
329,Luzhou,28.8724,105.4405,57.29,81,0,3.36,CN,2022-04-02 19:23:43
330,Sao Jose Da Coroa Grande,-8.8978,-35.1478,82.24,68,17,7.63,BR,2022-04-02 19:23:43
331,Jiangkou,25.4872,119.1986,53.35,81,100,11.01,CN,2022-04-02 19:23:12
332,Sur,22.5667,59.5289,82.9,39,61,8.48,OM,2022-04-02 19:23:44
333,Hamilton,39.1834,-84.5333,53.22,52,40,9.22,US,2022-04-02 19:18:52
334,Saint-Joseph,-21.3667,55.6167,75.58,97,100,17.52,RE,2022-04-02 19:23:44
335,Labytnangi,66.6572,66.4183,2.77,94,43,7.7,RU,2022-04-02 19:23:44
336,Coquimbo,-29.9533,-71.3436,60.53,77,75,8.05,CL,2022-04-02 19:23:45
337,Komsomolskiy,40.4272,71.7189,57.92,58,0,6.91,UZ,2022-04-02 19:23:45
338,Camacha,33.0833,-16.3333,60.22,67,20,11.5,PT,2022-04-02 19:23:46
339,Mahon,39.8885,4.2658,46.96,61,20,5.75,ES,2022-04-02 19:22:32
340,Sitka,57.0531,-135.33,44.49,57,100,14.97,US,2022-04-02 19:23:46
341,Souillac,-20.5167,57.5167,73.78,100,75,9.22,MU,2022-04-02 19:23:46
342,Tezu,27.9167,96.1667,68.58,88,84,3.91,IN,2022-04-02 19:23:47
343,Haines Junction,60.7522,-137.5108,35.55,48,97,5.75,CA,2022-04-02 19:23:47
344,Ous,60.9058,61.5186,16.2,95,96,2.13,RU,2022-04-02 19:23:47
345,Phatthalung,7.5,100.0833,76.28,85,59,1.88,TH,2022-04-02 19:23:48
346,Buraydah,26.326,43.975,81.05,10,17,10.29,SA,2022-04-02 19:20:31
347,Salinopolis,-0.6136,-47.3561,81.63,81,55,9.04,BR,2022-04-02 19:23:48
348,Port Lincoln,-34.7333,135.8667,59.74,81,48,8.99,AU,2022-04-02 19:22:12
349,Bucerias,20.75,-105.3333,76.98,61,40,12.66,MX,2022-04-02 19:22:59
350,Tuatapere,-46.1333,167.6833,47.26,93,40,2.86,NZ,2022-04-02 19:23:49
351,Maanshan,31.6957,118.4983,42.85,61,0,4.47,CN,2022-04-02 19:23:49
352,Naze,28.3667,129.4833,61.72,71,100,14.47,JP,2022-04-02 19:23:50
353,Turtas,58.9417,69.1325,17.01,97,100,3.83,RU,2022-04-02 19:23:50
354,Lompoc,34.6391,-120.4579,71.69,73,100,8.05,US,2022-04-02 19:23:50
355,Angoche,-16.2325,39.9086,78.6,74,0,4.52,MZ,2022-04-02 19:23:51
356,Barentu,15.1139,37.5928,85.23,25,64,11.16,ER,2022-04-02 19:23:51
357,Saldanha,-33.0117,17.9442,68.05,71,0,16.96,ZA,2022-04-02 19:23:51
358,Senneterre,48.3835,-77.2328,33.46,82,100,6.71,CA,2022-04-02 19:23:52
359,Sessa Aurunca,41.2408,13.9328,41.99,90,84,5.26,IT,2022-04-02 19:23:52
360,Bhilai,21.2167,81.4333,85.77,15,5,6.31,IN,2022-04-02 19:23:52
361,Zalantun,48.0,122.7167,37.67,47,0,3.87,CN,2022-04-02 19:23:53
362,Koygorodok,60.445,50.9968,24.46,87,100,7.43,RU,2022-04-02 19:23:53
363,Walvis Bay,-22.9575,14.5053,58.15,88,0,5.75,NA,2022-04-02 19:23:53
364,Constitucion,-35.3333,-72.4167,64.44,69,26,15.99,CL,2022-04-02 19:20:49
365,Tateyama,34.9833,139.8667,47.1,62,100,10.51,JP,2022-04-02 19:23:54
366,Wuda,39.4994,106.7117,42.73,23,6,7.74,CN,2022-04-02 19:23:54
367,Bassano,50.7834,-112.4685,51.03,36,100,9.82,CA,2022-04-02 19:23:55
368,Sisimiut,66.9395,-53.6735,32.58,85,100,4.14,GL,2022-04-02 19:24:55
369,Krasnaya Gorbatka,55.8703,41.7641,32.49,98,100,11.07,RU,2022-04-02 19:24:55
370,Novopokrovka,49.8425,36.5477,52.3,82,100,15.61,UA,2022-04-02 19:24:56
371,Mar Del Plata,-38.0023,-57.5575,69.87,59,0,20.0,AR,2022-04-02 19:24:56
372,Cayenne,4.9333,-52.3333,80.1,1,75,7.0,GF,2022-04-02 19:24:56
373,Dudinka,69.4058,86.1778,6.62,100,100,5.84,RU,2022-04-02 19:24:57
374,Timra,62.487,17.3257,29.88,86,89,3.44,SE,2022-04-02 19:24:57
375,Takhtamygda,54.1,123.5667,21.65,98,100,1.79,RU,2022-04-02 19:24:58
376,Mezen,65.8522,44.24,16.12,94,97,4.7,RU,2022-04-02 19:24:58
377,Portland,45.5234,-122.6762,56.77,63,40,5.01,US,2022-04-02 19:22:41
378,Soyo,-6.1349,12.3689,78.64,89,100,7.09,AO,2022-04-02 19:24:58
379,Mulege,26.8833,-111.9833,80.19,25,2,8.9,MX,2022-04-02 19:24:59
380,Tessalit,20.1986,1.0114,92.12,10,0,10.65,ML,2022-04-02 19:24:59
381,Voskresenskoye,56.8381,45.4317,32.56,96,100,10.0,RU,2022-04-02 19:25:00
382,Hofn,64.2539,-15.2082,44.46,72,100,7.67,IS,2022-04-02 19:25:00
383,Bilibino,68.0546,166.4372,-2.2,90,97,3.47,RU,2022-04-02 19:25:00
384,Celestun,20.8667,-90.4,86.9,60,66,11.99,MX,2022-04-02 19:25:01
385,Lakes Entrance,-37.8811,147.981,60.17,93,100,12.01,AU,2022-04-02 19:25:01
386,Marsh Harbour,26.5412,-77.0636,78.6,76,9,12.15,BS,2022-04-02 19:25:02
387,Tres Arroyos,-38.3739,-60.2798,70.7,37,0,18.21,AR,2022-04-02 19:25:02
388,Port Blair,11.6667,92.75,81.84,76,80,8.19,IN,2022-04-02 19:25:03
389,Seoul,37.5683,126.9778,36.84,86,0,1.14,KR,2022-04-02 19:23:12
390,Solnechnyy,50.7214,136.6319,23.05,90,48,4.99,RU,2022-04-02 19:25:03
391,Kahului,20.8947,-156.47,78.82,72,40,23.02,US,2022-04-02 19:22:38
392,Youghal,51.95,-7.8506,45.61,100,50,4.65,IE,2022-04-02 19:25:04
393,Langsa,4.4683,97.9683,73.81,97,100,2.53,ID,2022-04-02 19:25:04
394,Tabas,33.5959,56.9244,73.22,13,0,4.68,IR,2022-04-02 19:25:04
395,Ewa Beach,21.3156,-158.0072,79.59,59,40,19.57,US,2022-04-02 19:25:05
396,Krasnoselkup,65.7,82.4667,-2.97,100,66,6.22,RU,2022-04-02 19:25:05
397,Banjar,-8.19,114.9675,75.88,88,18,4.07,ID,2022-04-02 19:25:06
398,Panaba,21.2833,-88.2667,100.24,26,92,13.04,MX,2022-04-02 19:25:06
399,Campbell River,50.0163,-125.2446,47.73,71,100,10.36,CA,2022-04-02 19:23:26
400,San Francisco Del Mar,16.2333,-94.65,83.37,59,100,10.27,MX,2022-04-02 19:25:07
401,Chaihe,44.7667,129.7,32.18,54,60,5.61,CN,2022-04-02 19:25:07
402,Payo,-3.7508,103.6372,73.74,93,99,1.63,ID,2022-04-02 19:25:08
403,Grand-Santi,4.25,-54.3833,79.83,94,94,4.38,GF,2022-04-02 19:25:08
404,Sambava,-14.2667,50.1667,76.66,87,23,9.86,MG,2022-04-02 19:25:08
405,Shirokiy,49.758,129.523,23.88,92,20,4.88,RU,2022-04-02 19:25:09
406,Le Port,-20.9373,55.2919,77.0,88,99,4.94,RE,2022-04-02 19:25:09
407,Bengkulu,-3.8004,102.2655,76.05,81,100,5.37,ID,2022-04-02 19:25:10
408,Soc Trang,9.6033,105.98,79.81,79,100,12.68,VN,2022-04-02 19:25:10
409,Qui Nhon,13.7667,109.2333,72.59,82,100,24.87,VN,2022-04-02 19:25:10
410,Shingu,33.7333,135.9833,50.61,92,100,9.98,JP,2022-04-02 19:25:11
411,Kaitong,44.8135,123.15,43.14,27,85,13.02,CN,2022-04-02 19:25:11
412,Pucallpa,-8.3791,-74.5539,77.04,69,75,9.22,PE,2022-04-02 19:25:12
413,Agboville,5.928,-4.2132,79.79,81,100,4.5,CI,2022-04-02 19:25:12
414,Lensk,60.7253,114.9278,1.81,99,100,1.97,RU,2022-04-02 19:31:13
415,Bollnas,61.3482,16.3946,30.81,84,69,5.75,SE,2022-04-02 19:31:13
416,Sakaraha,-22.9,44.5333,71.76,70,65,1.68,MG,2022-04-02 19:31:14
417,Bage,-31.3314,-54.1069,73.99,49,0,10.89,BR,2022-04-02 19:31:14
418,Kysyl-Syr,63.8986,122.7617,10.49,97,100,1.43,RU,2022-04-02 19:31:14
419,Muisne,0.6,-80.0333,81.5,74,43,9.06,EC,2022-04-02 19:31:15
420,Nsanje,-16.92,35.262,72.79,98,9,2.62,MW,2022-04-02 19:31:15
421,San Lazaro,18.0387,-88.6622,92.19,42,0,12.33,BZ,2022-04-02 19:29:15
422,Namatanai,-3.6667,152.4333,77.11,88,100,5.97,PG,2022-04-02 19:29:41
423,Kochinda,21.7333,84.35,78.33,23,3,3.18,IN,2022-04-02 19:31:16
424,Vangaindrano,-23.35,47.6,70.93,91,1,1.1,MG,2022-04-02 19:31:16
425,Vadso,70.0744,29.7487,20.28,67,100,9.22,NO,2022-04-02 19:31:17
426,Yumen,40.2833,97.2,46.29,12,0,10.67,CN,2022-04-02 19:31:17
427,Victoria,22.2855,114.1577,61.32,70,99,11.99,HK,2022-04-02 19:30:15
428,Christchurch,-43.5333,172.6333,58.95,90,75,6.91,NZ,2022-04-02 19:28:10
429,College,64.8569,-147.8028,17.08,54,100,4.61,US,2022-04-02 19:27:01
430,Gat,31.61,34.7642,72.39,40,100,2.24,IL,2022-04-02 19:31:18
431,Sovetskaya Gavan,48.9723,140.2878,27.93,82,100,7.29,RU,2022-04-02 19:31:18
432,Naifaru,5.4444,73.3657,82.2,72,4,2.86,MV,2022-04-02 19:31:19
433,Atraulia,26.3333,82.95,77.9,14,0,3.56,IN,2022-04-02 19:31:19
434,Iquique,-20.2208,-70.1431,69.84,65,8,6.15,CL,2022-04-02 19:31:20
435,Talaya,61.3833,152.75,-0.02,97,100,1.97,RU,2022-04-02 19:31:20
436,Shache,38.4167,77.2406,56.71,28,100,5.23,CN,2022-04-02 19:31:21
437,Formosa Do Rio Preto,-11.0483,-45.1931,90.9,33,46,4.61,BR,2022-04-02 19:31:21
438,Tevaitoa,-16.7833,-151.5,82.09,76,55,11.32,PF,2022-04-02 19:31:21
439,Nacala,-14.5428,40.6728,75.02,92,6,3.44,MZ,2022-04-02 19:31:22
440,Fort Nelson,58.8053,-122.7002,15.39,62,75,0.0,CA,2022-04-02 19:31:22
441,Okha,53.5739,142.9478,13.06,94,76,5.03,RU,2022-04-02 19:31:23
442,Komsomolets,53.7453,62.0708,37.54,90,100,12.64,KZ,2022-04-02 19:31:23
443,Alangayam,12.6,78.75,73.53,85,7,3.15,IN,2022-04-02 19:31:24
444,Lae,-6.7221,146.9847,75.43,90,100,5.21,PG,2022-04-02 19:31:24
445,Broken Hill,-31.95,141.4333,51.51,58,7,0.0,AU,2022-04-02 19:31:24
446,Stornoway,58.2093,-6.3865,40.96,78,40,4.61,GB,2022-04-02 19:31:25
447,Rocha,-34.4833,-54.3333,69.71,52,5,12.15,UY,2022-04-02 19:31:25
448,Dharchula,29.85,80.5333,61.45,34,0,7.34,IN,2022-04-02 19:31:25
449,Tubuala,9.5167,-79.0333,80.69,78,34,8.66,PA,2022-04-02 19:31:26
450,Muscat,23.6139,58.5922,80.62,37,56,4.14,OM,2022-04-02 19:31:26
451,Contamana,-7.3333,-75.0167,82.22,46,94,4.61,PE,2022-04-02 19:31:26
452,Beloha,-25.1667,45.05,71.83,65,0,4.36,MG,2022-04-02 19:31:27
453,Gloversville,43.0528,-74.3438,50.11,45,0,10.36,US,2022-04-02 19:28:06
454,Erzin,36.9559,36.2,64.94,54,0,2.71,TR,2022-04-02 19:31:27
455,Ambulu,-8.345,113.6058,74.84,91,100,2.51,ID,2022-04-02 19:31:28
456,Erenhot,43.6475,111.9767,42.08,29,4,17.52,CN,2022-04-02 19:31:28
457,Broome,42.2506,-75.833,48.02,52,0,8.05,US,2022-04-02 19:31:28
458,Puerto Penasco,31.3167,-113.5333,66.9,79,0,5.99,MX,2022-04-02 19:31:29
459,Rennes,48.1667,-1.6667,42.84,49,0,11.5,FR,2022-04-02 19:31:29
460,Padang,-0.9492,100.3543,76.19,83,21,4.29,ID,2022-04-02 19:31:29
461,Willmar,45.1219,-95.0433,48.22,62,40,20.71,US,2022-04-02 19:31:30
462,Chipinge,-20.1883,32.6236,63.36,92,6,6.17,ZW,2022-04-02 19:32:30
463,Rimbey,52.6334,-114.2353,42.62,59,100,15.1,CA,2022-04-02 19:32:31
464,Merritt Island,28.5392,-80.672,81.09,81,40,8.05,US,2022-04-02 19:30:03
465,Stuttgart,48.7823,9.177,33.66,95,100,8.05,DE,2022-04-02 19:32:22
466,Halifax,44.6453,-63.5724,41.22,70,100,12.66,CA,2022-04-02 19:31:54
467,Villarrobledo,39.2699,-2.6012,42.78,39,6,6.85,ES,2022-04-02 19:32:31
468,Hovd,48.0056,91.6419,36.1,30,94,7.36,MN,2022-04-02 19:32:32
469,Yaguajay,22.3272,-79.2378,85.87,56,6,13.35,CU,2022-04-02 19:28:19
470,Duluth,46.7833,-92.1066,42.57,64,100,18.41,US,2022-04-02 19:28:11
471,Praia,14.9215,-23.5087,73.94,64,20,19.57,CV,2022-04-02 19:27:42
472,Zychlin,52.244,19.6261,37.35,68,100,16.53,PL,2022-04-02 19:32:32
473,Sao Filipe,14.8961,-24.4956,71.56,79,12,9.86,CV,2022-04-02 19:32:33
474,Goba,7.0167,39.9833,50.72,69,100,3.71,ET,2022-04-02 19:32:33
475,Davila,18.4726,120.5763,77.18,82,100,23.44,PH,2022-04-02 19:32:34
476,Launceston,-41.45,147.1667,56.8,76,100,20.71,AU,2022-04-02 19:32:34
477,Akureyri,65.6835,-18.0878,39.13,87,100,9.22,IS,2022-04-02 19:32:27
478,Fairbanks,64.8378,-147.7164,17.24,55,100,4.61,US,2022-04-02 19:32:34
479,Yerofey Pavlovich,53.9667,121.9667,20.88,98,100,2.24,RU,2022-04-02 19:32:35
480,Nicolas Bravo,18.45,-88.9167,95.04,34,1,9.1,MX,2022-04-02 19:32:35
481,Dubbo,-32.25,148.6167,44.73,93,5,5.75,AU,2022-04-02 19:32:36
482,Carrick-On-Suir,52.3492,-7.4131,45.55,91,30,4.79,IE,2022-04-02 19:32:36
483,Thinadhoo,0.5333,72.9333,82.87,69,9,4.14,MV,2022-04-02 19:32:36
484,Torres,-29.3353,-49.7269,66.83,74,51,10.71,BR,2022-04-02 19:32:37
485,Auxerre,47.8,3.5667,35.64,89,100,10.71,FR,2022-04-02 19:32:37
486,Funtua,11.5233,7.3081,82.63,9,54,4.97,NG,2022-04-02 19:32:37
487,Inyonga,-6.7167,32.0667,69.62,78,100,4.23,TZ,2022-04-02 19:32:38
488,Moberly,39.4184,-92.4382,56.43,54,75,18.41,US,2022-04-02 19:32:38
489,Namibe,-15.1961,12.1522,71.29,83,100,5.97,AO,2022-04-02 19:32:38
490,Dillenburg,50.7333,8.2833,36.41,76,75,8.05,DE,2022-04-02 19:32:39
491,Saint-Louis,16.3333,-15.0,96.44,19,4,20.0,SN,2022-04-02 19:32:39
492,Leninskoye,41.7589,69.3864,52.5,57,0,4.83,KZ,2022-04-02 19:32:39
493,Richards Bay,-28.783,32.0377,72.57,94,97,3.62,ZA,2022-04-02 19:32:40
494,Carballo,43.213,-8.691,50.02,66,1,9.31,ES,2022-04-02 19:32:40
495,Banska Bystrica,48.5,19.5,34.52,98,100,1.79,SK,2022-04-02 19:32:40
496,Vila Velha,-20.3297,-40.2925,85.95,74,20,12.66,BR,2022-04-02 19:32:41
497,Warrnambool,-38.3833,142.4833,57.81,79,94,7.31,AU,2022-04-02 19:32:41
498,Minas,-34.3759,-55.2377,70.45,40,3,12.39,UY,2022-04-02 19:32:42
499,Qinzhou,21.95,108.6167,56.21,73,52,7.23,CN,2022-04-02 19:32:42
500,Tetouan,35.5711,-5.3724,56.17,72,75,13.8,MA,2022-04-02 19:32:42
501,Talara,-4.5772,-81.2719,88.56,48,0,16.11,PE,2022-04-02 19:32:43
502,Alice Springs,-23.7,133.8833,58.55,47,96,6.91,AU,2022-04-02 19:30:12
503,Griffith,41.5284,-87.4237,45.25,82,100,8.05,US,2022-04-02 19:32:43
504,Lajedo,-8.6636,-36.32,76.26,60,13,8.97,BR,2022-04-02 19:32:43
505,Abengourou,6.7297,-3.4964,75.42,95,56,3.02,CI,2022-04-02 19:32:44
506,Emerald,-23.5333,148.1667,69.94,94,40,4.61,AU,2022-04-02 19:32:44
507,Port-Gentil,-0.7193,8.7815,80.2,75,89,5.59,GA,2022-04-02 19:32:44
508,Maniitsoq,65.4167,-52.9,31.82,84,100,4.76,GL,2022-04-02 19:32:45
509,Verkh-Suetka,53.3,80.05,33.94,100,100,7.38,RU,2022-04-02 19:33:45
510,Kawalu,-7.3817,108.2082,72.64,97,100,3.09,ID,2022-04-02 19:33:46
511,Peniche,39.3558,-9.3811,55.29,70,100,16.13,PT,2022-04-02 19:33:46
512,Mareeba,-17.0,145.4333,68.72,98,62,1.9,AU,2022-04-02 19:33:46
513,Alta Floresta,-9.8756,-56.0861,85.82,70,100,3.44,BR,2022-04-02 19:33:47
514,Bafoulabe,13.8065,-10.8321,96.64,9,3,5.1,ML,2022-04-02 19:33:47
515,Port Keats,-14.25,129.55,77.88,63,18,0.92,AU,2022-04-02 19:33:47
516,Wagar,16.1525,36.2032,84.74,38,55,18.34,SD,2022-04-02 19:33:48
517,Acatlan,20.15,-98.45,80.42,26,55,14.72,MX,2022-04-02 19:33:48
518,Mchinji,-13.7984,32.8802,63.41,97,32,2.82,MW,2022-04-02 19:33:49
519,Tadine,-21.55,167.8833,79.81,87,100,17.76,NC,2022-04-02 19:33:49
520,Petropavlovsk-Kamchatskiy,53.0452,158.6483,23.59,58,75,6.71,RU,2022-04-02 19:33:49
521,Akyab,20.15,92.9,79.2,79,14,5.82,MM,2022-04-02 19:33:50
522,Harper,4.375,-7.7169,79.83,84,100,10.04,LR,2022-04-02 19:33:50
523,Isangel,-19.55,169.2667,81.0,85,100,5.88,VU,2022-04-02 19:33:50
524,Camocim,-2.9022,-40.8411,78.96,87,93,6.93,BR,2022-04-02 19:33:51
525,Masterton,-40.9597,175.6575,53.89,93,20,2.44,NZ,2022-04-02 19:33:51
526,Henties Bay,-22.116,14.2845,61.25,84,0,10.27,NA,2022-04-02 19:33:52
527,Leshukonskoye,64.8989,45.7622,14.95,93,65,3.56,RU,2022-04-02 19:33:52
528,Nenjiang,49.1833,125.2167,35.1,67,1,6.85,CN,2022-04-02 19:33:52
529,Dunedin,-45.8742,170.5036,54.81,88,26,5.46,NZ,2022-04-02 19:30:40
530,Gigmoto,13.7796,124.39,77.81,75,74,10.54,PH,2022-04-02 19:33:53
531,Foix,42.8333,1.5833,30.78,95,100,3.38,FR,2022-04-02 19:33:53
532,Gizo,-8.103,156.8419,80.46,80,100,7.16,SB,2022-04-02 19:33:54
533,Montepuez,-13.1256,38.9997,68.22,99,16,3.49,MZ,2022-04-02 19:33:54
534,Tecoanapa,16.5167,-98.75,85.17,45,95,11.14,MX,2022-04-02 19:33:54
535,Chulman,56.8479,124.9104,16.02,94,100,2.51,RU,2022-04-02 19:33:55
536,Port Augusta,-32.5,137.7667,60.42,52,96,4.7,AU,2022-04-02 19:33:55
537,Amurzet,47.6967,131.0981,34.68,67,0,9.93,RU,2022-04-02 19:33:55
538,Shizunai,42.3339,142.3669,36.1,82,36,6.15,JP,2022-04-02 19:33:56
539,Skibbereen,51.55,-9.2667,47.1,86,43,7.29,IE,2022-04-02 19:33:56
540,Tongzi,28.7829,105.0877,55.31,82,0,1.19,CN,2022-04-02 19:33:57
541,San Policarpo,12.1791,125.5072,79.52,78,28,13.47,PH,2022-04-02 19:33:57
542,Okhansk,57.7186,55.3877,32.07,91,100,7.25,RU,2022-04-02 19:33:57
543,Sao Joao Dos Patos,-6.495,-43.7022,73.78,96,100,3.78,BR,2022-04-02 19:33:58
544,Hokitika,-42.7167,170.9667,56.84,86,7,3.65,NZ,2022-04-02 19:33:58
545,Morro Bay,35.3658,-120.8499,77.58,69,76,8.01,US,2022-04-02 19:33:59
546,Katherine,-14.4667,132.2667,68.32,64,18,8.05,AU,2022-04-02 19:33:59
547,Ulladulla,-35.35,150.4667,59.9,83,37,10.02,AU,2022-04-02 19:34:00
548,Rudnichnyy,59.617,52.4703,23.74,89,100,7.85,RU,2022-04-02 19:34:00
549,Khashuri,41.9941,43.5999,49.19,61,27,5.21,GE,2022-04-02 19:34:00
550,Carnot,4.9409,15.8665,78.75,52,100,4.16,CF,2022-04-02 19:34:01
551,Ahuimanu,21.4447,-157.8378,78.51,65,40,19.57,US,2022-04-02 19:34:01
552,Hami,42.8,93.45,52.88,15,58,5.01,CN,2022-04-02 19:34:01
553,Lappeenranta,61.0587,28.1887,21.25,67,0,1.14,FI,2022-04-02 19:35:02
554,Lamu,-2.2717,40.902,84.42,80,100,9.91,KE,2022-04-02 19:35:03
555,Hambantota,6.1241,81.1185,79.0,82,18,5.01,LK,2022-04-02 19:35:03
556,Naerbo,58.6667,5.65,39.02,82,100,14.07,NO,2022-04-02 19:35:03
557,Takaka,-40.85,172.8,58.55,76,49,2.51,NZ,2022-04-02 19:35:04
558,Sioux Lookout,50.1001,-91.917,35.67,64,100,9.22,CA,2022-04-02 19:30:24
559,Kodinsk,58.6881,99.1844,12.74,98,99,3.56,RU,2022-04-02 19:35:04
560,Olafsvik,64.8945,-23.7142,41.63,96,100,18.79,IS,2022-04-02 19:35:05
561,Paamiut,61.994,-49.6678,33.6,92,59,2.71,GL,2022-04-02 19:35:05
562,Saint-Augustin,51.226,-58.6502,32.58,97,100,12.8,CA,2022-04-02 19:35:05
563,Myitkyina,25.3833,97.4,66.58,69,60,1.79,MM,2022-04-02 19:35:06
564,Kyshtovka,56.555,76.6271,27.95,98,100,5.88,RU,2022-04-02 19:35:06
565,Jesup,31.6074,-81.8854,73.33,46,40,4.61,US,2022-04-02 19:35:07
566,Cham,49.245,12.6825,32.7,94,100,4.43,DE,2022-04-02 19:35:07
567,Dolores,-36.3132,-57.6792,67.39,50,0,13.44,AR,2022-04-02 19:35:07
568,Birin,26.8865,88.0718,60.31,77,76,3.04,NP,2022-04-02 19:35:08
569,Sarab,38.6066,44.9883,59.05,34,6,1.66,IR,2022-04-02 19:35:08
570,Whitehorse,60.7161,-135.0538,34.57,52,40,11.5,CA,2022-04-02 19:35:09
571,Purranque,-40.9167,-73.1667,60.13,88,96,7.0,CL,2022-04-02 19:35:09
572,Karaton,-6.3424,106.1045,74.14,94,76,4.23,ID,2022-04-02 19:35:10
573,Dharan,26.8125,87.2835,73.33,79,8,3.62,NP,2022-04-02 19:35:10
574,Samagaltay,50.6022,95.0047,15.13,72,13,1.92,RU,2022-04-02 19:35:10
575,Manitouwadge,49.1215,-85.8403,33.37,98,100,7.43,CA,2022-04-02 19:35:11
576,Mumbwa,-14.9783,27.0619,63.7,92,9,3.51,ZM,2022-04-02 19:35:11
577,Maragogi,-9.0122,-35.2225,80.11,76,14,6.46,BR,2022-04-02 19:35:12
578,Djambala,-2.5447,14.7533,70.14,83,71,2.24,CG,2022-04-02 19:35:12
579,Aginskoye,51.1,114.53,36.18,62,99,6.96,RU,2022-04-02 19:35:13
580,Poya,-21.35,165.15,78.8,89,98,3.33,NC,2022-04-02 19:35:13
581,Ayan,56.45,138.1667,22.53,78,89,3.18,RU,2022-04-02 19:35:13
582,Dwarka,22.2394,68.9678,78.42,75,0,8.37,IN,2022-04-02 19:35:14
583,Kichera,55.9375,110.0997,30.67,87,100,8.46,RU,2022-04-02 19:35:14
584,Bandarbeyla,9.4942,50.8122,79.07,80,86,4.29,SO,2022-04-02 19:30:58
585,Kanniyakumari,8.0833,77.5667,81.27,79,22,9.64,IN,2022-04-02 19:35:15
586,Beruwala,6.4788,79.9828,78.35,84,7,2.26,LK,2022-04-02 19:35:15
587,Wanning,18.8003,110.3967,61.61,88,100,15.26,CN,2022-04-02 19:35:17
588,Kudahuvadhoo,2.6708,72.8944,82.47,69,62,1.1,MV,2022-04-02 19:35:17
589,Mackay,-21.15,149.2,71.69,94,40,6.91,AU,2022-04-02 19:33:51
590,Novocherkassk,47.4181,40.0939,57.06,67,20,17.9,RU,2022-04-02 19:35:18
591,Sahuaripa,29.05,-109.2333,88.99,8,0,4.7,MX,2022-04-02 19:35:18
592,Tautira,-17.7333,-149.15,81.95,78,100,12.24,PF,2022-04-02 19:35:19
593,Rapid Valley,44.0625,-103.1463,59.32,32,0,13.0,US,2022-04-02 19:33:02
594,Negombo,7.2083,79.8358,80.65,89,20,5.75,LK,2022-04-02 19:36:19
595,Likasi,-10.9814,26.7333,61.61,96,58,2.33,CD,2022-04-02 19:36:20
596,Corumba,-19.0092,-57.6533,80.31,69,75,6.91,BR,2022-04-02 19:31:52
597,Isiro,2.7739,27.616,72.52,69,95,1.36,CD,2022-04-02 19:36:20
598,Chernyshevskiy,63.0128,112.4714,-11.7,100,100,3.0,RU,2022-04-02 19:36:21
599,Sao Joao Da Barra,-21.6403,-41.0511,84.29,80,17,8.52,BR,2022-04-02 19:34:29
600,Vikulovo,56.8167,70.6107,29.07,97,100,10.11,RU,2022-04-02 19:36:21
601,Saint-Francois,46.4154,3.9054,34.68,80,100,11.5,FR,2022-04-02 19:36:22
602,Rabat,33.9911,-6.8401,61.16,72,100,5.75,MA,2022-04-02 19:36:22
603,Pacific Grove,36.6177,-121.9166,68.22,78,20,7.0,US,2022-04-02 19:36:22
604,Kurilsk,45.2333,147.8833,31.3,90,56,12.41,RU,2022-04-02 19:36:23
605,Rognan,67.0953,15.3878,33.94,83,100,3.85,NO,2022-04-02 19:36:23
606,Dukat,62.55,155.55,-2.0,97,100,2.04,RU,2022-04-02 19:36:24
607,Evensk,61.95,159.2333,16.25,80,100,10.29,RU,2022-04-02 19:36:24
608,Hatillo,18.4863,-66.8254,84.78,75,76,13.0,PR,2022-04-02 19:36:24
609,Sabang,5.8933,95.3214,81.59,74,100,4.74,ID,2022-04-02 19:36:25
610,Kangaatsiaq,68.3065,-53.4641,27.0,89,76,7.81,GL,2022-04-02 19:36:25
611,Guiglo,6.5456,-7.4966,75.4,92,100,4.65,CI,2022-04-02 19:36:26
612,Suihua,46.6406,126.9969,37.18,52,22,9.57,CN,2022-04-02 19:36:26
613,Gela,37.0803,14.2307,51.28,61,73,19.53,IT,2022-04-02 19:33:49
614,Ishigaki,24.3448,124.1572,62.73,100,75,12.66,JP,2022-04-02 19:36:27
615,Dargaville,-35.9333,173.8833,63.34,84,100,1.83,NZ,2022-04-02 19:36:27
616,Talnakh,69.4865,88.3972,6.21,97,100,4.68,RU,2022-04-02 19:36:27
617,Lanquin,15.5667,-89.9667,94.73,39,9,5.39,GT,2022-04-02 19:36:28
618,Xudat,41.631,48.681,62.62,46,80,6.24,AZ,2022-04-02 19:36:28
619,Malumfashi,11.7853,7.6218,85.91,8,54,7.45,NG,2022-04-02 19:36:28
620,Kapit,2.0167,112.9333,72.37,99,100,0.63,MY,2022-04-02 19:36:29
621,Sernur,56.9333,49.1536,31.6,98,100,14.05,RU,2022-04-02 19:36:29
622,Koutsouras,35.0339,25.9469,62.11,81,2,6.51,GR,2022-04-02 19:36:30
623,Mazagao,-0.115,-51.2894,86.05,83,92,5.61,BR,2022-04-02 19:36:30
624,Changji,44.0167,87.3167,52.59,46,0,6.71,CN,2022-04-02 19:36:30
625,Iracoubo,5.4802,-53.2011,78.55,86,97,14.38,GF,2022-04-02 19:36:31
626,Neustadt,49.7117,12.0872,34.97,72,100,3.44,DE,2022-04-02 19:36:31
627,Fare,-16.7,-151.0167,81.63,76,97,8.57,PF,2022-04-02 19:36:31
628,Muriwai Beach,-36.8167,174.45,63.86,80,100,0.2,NZ,2022-04-02 19:36:32
629,Husavik,66.0449,-17.3389,36.52,92,100,4.47,IS,2022-04-02 19:36:32
630,Vanavara,60.34,102.2797,5.27,93,93,5.97,RU,2022-04-02 19:36:32
631,Ulaangom,49.9811,92.0667,12.99,78,60,3.71,MN,2022-04-02 19:36:04
632,Port Macquarie,-31.4333,152.9167,58.89,71,100,5.77,AU,2022-04-02 19:36:33
633,Praya,14.9215,-23.5087,73.94,64,20,19.57,CV,2022-04-02 19:36:33
634,Paris,48.8534,2.3488,42.15,58,0,11.5,FR,2022-04-02 19:33:12
635,Daru,-9.0763,143.2092,77.14,83,100,2.3,PG,2022-04-02 19:36:34
636,Carauari,-4.8828,-66.8958,68.85,99,100,2.64,BR,2022-04-02 19:36:34
637,Mapiri,-15.25,-68.1667,77.94,65,69,3.27,BO,2022-04-02 19:36:35
638,Maceio,-9.6658,-35.7353,83.64,65,0,11.5,BR,2022-04-02 19:37:35
639,Potosi,-19.5836,-65.7531,54.09,49,95,9.48,BO,2022-04-02 19:36:07
640,Botngard,63.7653,9.8111,34.32,93,75,17.27,NO,2022-04-02 19:37:35
641,Tukrah,32.5341,20.5791,62.98,50,88,1.45,LY,2022-04-02 19:37:36
642,Quchan,37.106,58.5095,54.27,35,0,7.83,IR,2022-04-02 19:37:36
643,Yangjiang,21.85,111.9667,56.95,75,88,7.0,CN,2022-04-02 19:37:36
644,Lyaskelya,61.7667,31.0167,13.44,95,12,0.96,RU,2022-04-02 19:37:37
645,Hanna,51.6334,-111.9018,49.86,37,100,11.01,CA,2022-04-02 19:37:37
646,Brokopondo,4.75,-55.1667,78.01,89,100,10.71,SR,2022-04-02 19:37:37
647,Beringovskiy,63.05,179.3167,5.92,94,99,12.24,RU,2022-04-02 19:37:38
648,Visnes,59.3556,5.2242,39.25,75,0,14.97,NO,2022-04-02 19:37:38
649,Boda,4.3189,17.4695,79.38,60,100,4.09,CF,2022-04-02 19:37:39
650,Outjo,-20.1167,16.15,66.99,83,83,5.48,NA,2022-04-02 19:37:39
651,Natitingou,10.3042,1.3796,87.64,36,99,3.6,BJ,2022-04-02 19:37:39
652,Qasigiannguit,68.8193,-51.1922,35.85,88,81,4.09,GL,2022-04-02 19:37:40
653,Schrobenhausen,48.55,11.2667,32.4,93,75,3.44,DE,2022-04-02 19:37:40
654,Constantine,36.365,6.6147,44.01,65,40,12.66,DZ,2022-04-02 19:37:40
655,Bayshore Gardens,27.4253,-82.5904,87.15,65,0,12.66,US,2022-04-02 19:37:41
656,Bantou,26.2151,117.4893,48.29,88,100,1.21,CN,2022-04-02 19:37:41
657,Berezniki,59.4152,56.8124,22.89,93,100,6.38,RU,2022-04-02 19:37:41
658,Vrangel,42.7297,133.0839,35.98,93,0,0.65,RU,2022-04-02 19:37:42
659,Tahe,52.3333,124.7333,26.22,92,100,4.56,CN,2022-04-02 19:37:42
660,Nadym,65.5333,72.5167,2.7,94,19,9.35,RU,2022-04-02 19:37:42
